
#Populate Venda
INSERT INTO [dbo].[Venda] ([quantiade], [valor], [taxa_entrega], [tempo_fk], [funcionario_id], [cliente_id], [pedido_id], [produto_id], [desconto])
	VALUES (1,CAST('$20.00' AS MONEY),CAST('$5.00' AS MONEY),1441152000000,1,1,1,1,10);
INSERT INTO [dbo].[Venda] ([quantiade], [valor], [taxa_entrega], [tempo_fk], [funcionario_id], [cliente_id], [pedido_id], [produto_id], [desconto])
	VALUES (2,CAST('$30.00' AS MONEY),CAST('$5.00' AS MONEY),1441152000000,2,2,2,2,10);
INSERT INTO [dbo].[Venda] ([quantiade], [valor], [taxa_entrega], [tempo_fk], [funcionario_id], [cliente_id], [pedido_id], [produto_id], [desconto])
	VALUES (4,CAST('$40.00' AS MONEY),CAST('$7.00' AS MONEY),1441238400000,2,3,2,3,10);
INSERT INTO [dbo].[Venda] ([quantiade], [valor], [taxa_entrega], [tempo_fk], [funcionario_id], [cliente_id], [pedido_id], [produto_id], [desconto])
	VALUES (2,CAST('$40.00' AS MONEY),CAST('$7.00' AS MONEY),1441411200000,4,4,3,4,10);
INSERT INTO [dbo].[Venda] ([quantiade], [valor], [taxa_entrega], [tempo_fk], [funcionario_id], [cliente_id], [pedido_id], [produto_id], [desconto])
	VALUES (4,CAST('$20.00' AS MONEY),CAST('$7.00' AS MONEY),1441670400000,4,4,4,10,10);
INSERT INTO [dbo].[Venda] ([quantiade], [valor], [taxa_entrega], [tempo_fk], [funcionario_id], [cliente_id], [pedido_id], [produto_id], [desconto])
	VALUES (2,CAST('$40.00' AS MONEY),CAST('$7.00' AS MONEY),1441670400000,1,5,4,7,10);
INSERT INTO [dbo].[Venda] ([quantiade], [valor], [taxa_entrega], [tempo_fk], [funcionario_id], [cliente_id], [pedido_id], [produto_id], [desconto])
	VALUES (1,CAST('$20.00' AS MONEY),CAST('$7.00' AS MONEY),1441670400000,5,6,3,4,0);
INSERT INTO [dbo].[Venda] ([quantiade], [valor], [taxa_entrega], [tempo_fk], [funcionario_id], [cliente_id], [pedido_id], [produto_id], [desconto])
	VALUES (5,CAST('$25.00' AS MONEY),CAST('$7.00' AS MONEY),1441670400000,5,6,3,11,0);
INSERT INTO [dbo].[Venda] ([quantiade], [valor], [taxa_entrega], [tempo_fk], [funcionario_id], [cliente_id], [pedido_id], [produto_id], [desconto])
	VALUES (2,CAST('$30.00' AS MONEY),CAST('$5.00' AS MONEY),1442016000000,1,6,1,5,10);
INSERT INTO [dbo].[Venda] ([quantiade], [valor], [taxa_entrega], [tempo_fk], [funcionario_id], [cliente_id], [pedido_id], [produto_id], [desconto])
	VALUES (5,CAST('$100.00' AS MONEY),CAST('$10.00' AS MONEY),1442102400000,9,12,8,1,0);
INSERT INTO [dbo].[Venda] ([quantiade], [valor], [taxa_entrega], [tempo_fk], [funcionario_id], [cliente_id], [pedido_id], [produto_id], [desconto])
	VALUES (1,CAST('$20.00' AS MONEY),CAST('$5.00' AS MONEY),1442275200000,1,10,2,1,10);
INSERT INTO [dbo].[Venda] ([quantiade], [valor], [taxa_entrega], [tempo_fk], [funcionario_id], [cliente_id], [pedido_id], [produto_id], [desconto])
	VALUES (2,CAST('$30.00' AS MONEY),CAST('$10.00' AS MONEY),1442275200000,2,11,8,2,10);
INSERT INTO [dbo].[Venda] ([quantiade], [valor], [taxa_entrega], [tempo_fk], [funcionario_id], [cliente_id], [pedido_id], [produto_id], [desconto])
	VALUES (4,CAST('$40.00' AS MONEY),CAST('$10.00' AS MONEY),1442361600000,2,12,8,3,10);
INSERT INTO [dbo].[Venda] ([quantiade], [valor], [taxa_entrega], [tempo_fk], [funcionario_id], [cliente_id], [pedido_id], [produto_id], [desconto])
	VALUES (2,CAST('$40.00' AS MONEY),CAST('$10.00' AS MONEY),1442448000000,4,13,8,4,10);
INSERT INTO [dbo].[Venda] ([quantiade], [valor], [taxa_entrega], [tempo_fk], [funcionario_id], [cliente_id], [pedido_id], [produto_id], [desconto])
	VALUES (4,CAST('$20.00' AS MONEY),CAST('$10.00' AS MONEY),1442707200000,4,13,8,10,10);
INSERT INTO [dbo].[Venda] ([quantiade], [valor], [taxa_entrega], [tempo_fk], [funcionario_id], [cliente_id], [pedido_id], [produto_id], [desconto])
	VALUES (2,CAST('$40.00' AS MONEY),CAST('$7.00' AS MONEY),1442707200000,1,14,4,7,10);
INSERT INTO [dbo].[Venda] ([quantiade], [valor], [taxa_entrega], [tempo_fk], [funcionario_id], [cliente_id], [pedido_id], [produto_id], [desconto])
	VALUES (1,CAST('$20.00' AS MONEY),CAST('$7.00' AS MONEY),1442880000000,5,15,3,4,0);
INSERT INTO [dbo].[Venda] ([quantiade], [valor], [taxa_entrega], [tempo_fk], [funcionario_id], [cliente_id], [pedido_id], [produto_id], [desconto])
	VALUES (5,CAST('$25.00' AS MONEY),CAST('$7.00' AS MONEY),1442966400000,5,15,3,11,0);
INSERT INTO [dbo].[Venda] ([quantiade], [valor], [taxa_entrega], [tempo_fk], [funcionario_id], [cliente_id], [pedido_id], [produto_id], [desconto])
	VALUES (2,CAST('$30.00' AS MONEY),CAST('$7.00' AS MONEY),1443139200000,1,15,3,5,10);
INSERT INTO [dbo].[Venda] ([quantiade], [valor], [taxa_entrega], [tempo_fk], [funcionario_id], [cliente_id], [pedido_id], [produto_id], [desconto])
	VALUES (5,CAST('$100.00' AS MONEY),CAST('$5.00' AS MONEY),1443225600000,9,16,1,1,0);
INSERT INTO [dbo].[Venda] ([quantiade], [valor], [taxa_entrega], [tempo_fk], [funcionario_id], [cliente_id], [pedido_id], [produto_id], [desconto])
	VALUES (2,CAST('$40.00' AS MONEY),CAST('$7.00' AS MONEY),1443312000000,3,5,4,7,10);
INSERT INTO [dbo].[Venda] ([quantiade], [valor], [taxa_entrega], [tempo_fk], [funcionario_id], [cliente_id], [pedido_id], [produto_id], [desconto])
	VALUES (1,CAST('$20.00' AS MONEY),CAST('$7.00' AS MONEY),1443398400000,3,6,3,4,0);
INSERT INTO [dbo].[Venda] ([quantiade], [valor], [taxa_entrega], [tempo_fk], [funcionario_id], [cliente_id], [pedido_id], [produto_id], [desconto])
	VALUES (5,CAST('$25.00' AS MONEY),CAST('$7.00' AS MONEY),1443398400000,6,6,3,11,0);
INSERT INTO [dbo].[Venda] ([quantiade], [valor], [taxa_entrega], [tempo_fk], [funcionario_id], [cliente_id], [pedido_id], [produto_id], [desconto])
	VALUES (2,CAST('$30.00' AS MONEY),CAST('$5.00' AS MONEY),1443398400000,7,6,1,5,10);
INSERT INTO [dbo].[Venda] ([quantiade], [valor], [taxa_entrega], [tempo_fk], [funcionario_id], [cliente_id], [pedido_id], [produto_id], [desconto])
	VALUES (5,CAST('$100.00' AS MONEY),CAST('$10.00' AS MONEY),1443398400000,8,12,8,1,0);
INSERT INTO [dbo].[Venda] ([quantiade], [valor], [taxa_entrega], [tempo_fk], [funcionario_id], [cliente_id], [pedido_id], [produto_id], [desconto])
	VALUES (1,CAST('$20.00' AS MONEY),CAST('$5.00' AS MONEY),1443657600000,8,10,2,1,10);
INSERT INTO [dbo].[Venda] ([quantiade], [valor], [taxa_entrega], [tempo_fk], [funcionario_id], [cliente_id], [pedido_id], [produto_id], [desconto])
	VALUES (2,CAST('$30.00' AS MONEY),CAST('$10.00' AS MONEY),1443657600000,9,11,8,2,10);
INSERT INTO [dbo].[Venda] ([quantiade], [valor], [taxa_entrega], [tempo_fk], [funcionario_id], [cliente_id], [pedido_id], [produto_id], [desconto])
	VALUES (4,CAST('$40.00' AS MONEY),CAST('$10.00' AS MONEY),1443830400000,10,12,8,3,10);
INSERT INTO [dbo].[Venda] ([quantiade], [valor], [taxa_entrega], [tempo_fk], [funcionario_id], [cliente_id], [pedido_id], [produto_id], [desconto])
	VALUES (2,CAST('$40.00' AS MONEY),CAST('$10.00' AS MONEY),1443916800000,11,13,8,4,10);
INSERT INTO [dbo].[Venda] ([quantiade], [valor], [taxa_entrega], [tempo_fk], [funcionario_id], [cliente_id], [pedido_id], [produto_id], [desconto])
	VALUES (4,CAST('$20.00' AS MONEY),CAST('$10.00' AS MONEY),1443916800000,7,13,8,10,10);
INSERT INTO [dbo].[Venda] ([quantiade], [valor], [taxa_entrega], [tempo_fk], [funcionario_id], [cliente_id], [pedido_id], [produto_id], [desconto])
	VALUES (1,CAST('$20.00' AS MONEY),CAST('$5.00' AS MONEY),1444089600000,1,1,1,1,10);
INSERT INTO [dbo].[Venda] ([quantiade], [valor], [taxa_entrega], [tempo_fk], [funcionario_id], [cliente_id], [pedido_id], [produto_id], [desconto])
	VALUES (2,CAST('$30.00' AS MONEY),CAST('$5.00' AS MONEY),1444176000000,2,2,2,2,10);
INSERT INTO [dbo].[Venda] ([quantiade], [valor], [taxa_entrega], [tempo_fk], [funcionario_id], [cliente_id], [pedido_id], [produto_id], [desconto])
	VALUES (4,CAST('$40.00' AS MONEY),CAST('$7.00' AS MONEY),1444262400000,2,3,2,3,10);
INSERT INTO [dbo].[Venda] ([quantiade], [valor], [taxa_entrega], [tempo_fk], [funcionario_id], [cliente_id], [pedido_id], [produto_id], [desconto])
	VALUES (2,CAST('$40.00' AS MONEY),CAST('$7.00' AS MONEY),1444348800000,4,4,3,4,10);
INSERT INTO [dbo].[Venda] ([quantiade], [valor], [taxa_entrega], [tempo_fk], [funcionario_id], [cliente_id], [pedido_id], [produto_id], [desconto])
	VALUES (4,CAST('$20.00' AS MONEY),CAST('$7.00' AS MONEY),1444435200000,4,4,4,10,10);
INSERT INTO [dbo].[Venda] ([quantiade], [valor], [taxa_entrega], [tempo_fk], [funcionario_id], [cliente_id], [pedido_id], [produto_id], [desconto])
	VALUES (2,CAST('$40.00' AS MONEY),CAST('$7.00' AS MONEY),1444435200000,1,5,4,7,10);
INSERT INTO [dbo].[Venda] ([quantiade], [valor], [taxa_entrega], [tempo_fk], [funcionario_id]


#Populate Funcionario
INSERT INTO [dbo].[Funcionario] ([funcionario_id], [funcionario_nome], [sexo], [telefone], [cpf], [salario])
	VALUES (1,'Pedro','m','81999695551','555.555.555-51',CAST('$1,012.41' AS MONEY));
INSERT INTO [dbo].[Funcionario] ([funcionario_id], [funcionario_nome], [sexo], [telefone], [cpf], [salario])
	VALUES (2,'Bob','m','81999695552','555.555.555-52',CAST('$2,200.42' AS MONEY));
INSERT INTO [dbo].[Funcionario] ([funcionario_id], [funcionario_nome], [sexo], [telefone], [cpf], [salario])
	VALUES (3,'Piteco','m','81999695553','555.555.555-53',CAST('$5,960.43' AS MONEY));
INSERT INTO [dbo].[Funcionario] ([funcionario_id], [funcionario_nome], [sexo], [telefone], [cpf], [salario])
	VALUES (4,'Alfredo','m','81999695554','555.555.555-54',CAST('$4,123.44' AS MONEY));
INSERT INTO [dbo].[Funcionario] ([funcionario_id], [funcionario_nome], [sexo], [telefone], [cpf], [salario])
	VALUES (5,'Catota','m','81999695555','555.555.555-55',CAST('$3,780.45' AS MONEY));
INSERT INTO [dbo].[Funcionario] ([funcionario_id], [funcionario_nome], [sexo], [telefone], [cpf], [salario])
	VALUES (6,'Peteleco','m','81999695556','555.555.555-56',CAST('$4,000.46' AS MONEY));
INSERT INTO [dbo].[Funcionario] ([funcionario_id], [funcionario_nome], [sexo], [telefone], [cpf], [salario])
	VALUES (7,'Maria','f','81999695557','555.555.555-57',CAST('$2,123.47' AS MONEY));
INSERT INTO [dbo].[Funcionario] ([funcionario_id], [funcionario_nome], [sexo], [telefone], [cpf], [salario])
	VALUES (8,'Flavia','f','81999695558','555.555.555-58',CAST('$1,123.48' AS MONEY));
INSERT INTO [dbo].[Funcionario] ([funcionario_id], [funcionario_nome], [sexo], [telefone], [cpf], [salario])
	VALUES (9,'Zuleide','f','81999695559','555.555.555-59',CAST('$4,823.49' AS MONEY));
INSERT INTO [dbo].[Funcionario] ([funcionario_id], [funcionario_nome], [sexo], [telefone], [cpf], [salario])
	VALUES (10,'Dinah','f','81999695510','555.555.555-10',CAST('$3,123.10' AS MONEY));
INSERT INTO [dbo].[Funcionario] ([funcionario_id], [funcionario_nome], [sexo], [telefone], [cpf], [salario])
	VALUES (11,'Zefinha','f','81999695511','555.555.555-11',CAST('$4,003.11' AS MONEY));


#Populate Cliente
INSERT INTO [dbo].[Cliente] ([cliente_id], [nome], [sexo], [telefone], [cpf], [cidade_nome], [cidade_bairro_nome], [cidade_bairro_cep])
	VALUES (1,'Marcelo','m','8132275551','444.555.555-51','Recife','Casa Forte','52060-310');
INSERT INTO [dbo].[Cliente] ([cliente_id], [nome], [sexo], [telefone], [cpf], [cidade_nome], [cidade_bairro_nome], [cidade_bairro_cep])
	VALUES (2,'Marcela','f','8132275552','444.555.555-52','Recife','Casa Forte','52060-312');
INSERT INTO [dbo].[Cliente] ([cliente_id], [nome], [sexo], [telefone], [cpf], [cidade_nome], [cidade_bairro_nome], [cidade_bairro_cep])
	VALUES (3,'Beatriz','f','8132275553','444.555.555-53','Recife','San Martin','50761-410');
INSERT INTO [dbo].[Cliente] ([cliente_id], [nome], [sexo], [telefone], [cpf], [cidade_nome], [cidade_bairro_nome], [cidade_bairro_cep])
	VALUES (4,'Rafael','m','8132275554','444.555.555-54','Recife','Boa Viagem','51011-000 ');
INSERT INTO [dbo].[Cliente] ([cliente_id], [nome], [sexo], [telefone], [cpf], [cidade_nome], [cidade_bairro_nome], [cidade_bairro_cep])
	VALUES (5,'Camila','f','8132275555','444.555.555-55','Recife','Boa Viagem','51011-000 ');
INSERT INTO [dbo].[Cliente] ([cliente_id], [nome], [sexo], [telefone], [cpf], [cidade_nome], [cidade_bairro_nome], [cidade_bairro_cep])
	VALUES (6,'Xico','m','8132275556','444.555.555-56','Recife','Areias','50860-000');
INSERT INTO [dbo].[Cliente] ([cliente_id], [nome], [sexo], [telefone], [cpf], [cidade_nome], [cidade_bairro_nome], [cidade_bairro_cep])
	VALUES (7,'Beltrano','m','8132275557','444.555.555-57','Recife','Madalena','50610-090');
INSERT INTO [dbo].[Cliente] ([cliente_id], [nome], [sexo], [telefone], [cpf], [cidade_nome], [cidade_bairro_nome], [cidade_bairro_cep])
	VALUES (8,'Fulano','m','8132275558','444.555.555-58','Recife','Apipucos','52071-005');
INSERT INTO [dbo].[Cliente] ([cliente_id], [nome], [sexo], [telefone], [cpf], [cidade_nome], [cidade_bairro_nome], [cidade_bairro_cep])
	VALUES (9,'Virgulino','m','8132275559','444.555.555-59','Recife','Ilha do Leite','50070-460');
INSERT INTO [dbo].[Cliente] ([cliente_id], [nome], [sexo], [telefone], [cpf], [cidade_nome], [cidade_bairro_nome], [cidade_bairro_cep])
	VALUES (10,'Pelopdas','m','8132275510','444.555.555-10','Recife','Varzea','50810-000');
INSERT INTO [dbo].[Cliente] ([cliente_id], [nome], [sexo], [telefone], [cpf], [cidade_nome], [cidade_bairro_nome], [cidade_bairro_cep])
	VALUES (11,'Patrícia','f','8132275511','444.555.555-11','Olinda','Rio Doce','53150-000');
INSERT INTO [dbo].[Cliente] ([cliente_id], [nome], [sexo], [telefone], [cpf], [cidade_nome], [cidade_bairro_nome], [cidade_bairro_cep])
	VALUES (12,'Michele','f','8132275512','444.555.555-12','Olinda','Rio Doce','53070-300');
INSERT INTO [dbo].[Cliente] ([cliente_id], [nome], [sexo], [telefone], [cpf], [cidade_nome], [cidade_bairro_nome], [cidade_bairro_cep])
	VALUES (13,'Fulana','f','8132275513','444.555.555-13','Olinda','Casa Caiada','53040-000');
INSERT INTO [dbo].[Cliente] ([cliente_id], [nome], [sexo], [telefone], [cpf], [cidade_nome], [cidade_bairro_nome], [cidade_bairro_cep])
	VALUES (14,'Abgail','f','8132275514','444.555.555-14','Jaboatao dos Guararapes','Piedade','54400-190');
INSERT INTO [dbo].[Cliente] ([cliente_id], [nome], [sexo], [telefone], [cpf], [cidade_nome], [cidade_bairro_nome], [cidade_bairro_cep])
	VALUES (15,'Sarah','f','8132275515','444.555.555-15','Jaboatao dos Guararapes','Piedade','54080-350');
INSERT INTO [dbo].[Cliente] ([cliente_id], [nome], [sexo], [telefone], [cpf], [cidade_nome], [cidade_bairro_nome], [cidade_bairro_cep])
	VALUES (16,'Werner','m','8132275516','444.555.555-16','Jaboatao dos Guararapes','Curado I','54220-250');
INSERT INTO [dbo].[Cliente] ([cliente_id], [nome], [sexo], [telefone], [cpf], [cidade_nome], [cidade_bairro_nome], [cidade_bairro_cep])
	VALUES (17,'Wagner','m','8132275517','444.555.555-17','Jaboatao dos Guararapes','Curado I','54270-420');
INSERT INTO [dbo].[Cliente] ([cliente_id], [nome], [sexo], [telefone], [cpf], [cidade_nome], [cidade_bairro_nome], [cidade_bairro_cep])
	VALUES (18,'Walter','m','8132275518','444.555.555-18','Jaboatao dos Guararapes','Curado II','54220-090');
INSERT INTO [dbo].[Cliente] ([cliente_id], [nome], [sexo], [telefone], [cpf], [cidade_nome], [cidade_bairro_nome], [cidade_bairro_cep])
	VALUES (19,'Warna','f','8132275519','444.555.555-19','Jaboatao dos Guararapes','Curado IV','54270-800');
INSERT INTO [dbo].[Cliente] ([cliente_id], [nome], [sexo], [telefone], [cpf], [cidade_nome], [cidade_bairro_nome], [cidade_bairro_cep])
	VALUES (20,'Walber','m','8132275520','444.555.555-20','Jaboatao dos Guararapes','Curado IV','54270-455');


#Populate Pedido
INSERT INTO [dbo].[Pedido] ([pedido_id],[forma_pagamento], [cidade_nome], [cidade_bairro_nome], [cidade_bairro_cep], [cidade_bairro_estabelecimento_nome], [cidade_bairro_estabelecimento_cnpj], [cidade_bairro_estabelecimento_telefone])
	VALUES (1,'cartao', 'Recife','Bongi','50751-300', 'Lolbibs1','59.323.395/0001-06','812101111');
INSERT INTO [dbo].[Pedido] ([pedido_id],[forma_pagamento], [cidade_nome], [cidade_bairro_nome], [cidade_bairro_cep], [cidade_bairro_estabelecimento_nome], [cidade_bairro_estabelecimento_cnpj], [cidade_bairro_estabelecimento_telefone])
	VALUES (2,'dinheiro', 'Recife','Bongi','50751-300', 'Lolbibs1','59.323.395/0001-06','812101111');
INSERT INTO [dbo].[Pedido] ([pedido_id],[forma_pagamento], [cidade_nome], [cidade_bairro_nome], [cidade_bairro_cep], [cidade_bairro_estabelecimento_nome], [cidade_bairro_estabelecimento_cnpj], [cidade_bairro_estabelecimento_telefone])
	VALUES (3,'cartao', 'Recife','Pina','51010-680', 'Lolbibs2','59.323.395/0001-06','812101111');
INSERT INTO [dbo].[Pedido] ([pedido_id],[forma_pagamento], [cidade_nome], [cidade_bairro_nome], [cidade_bairro_cep], [cidade_bairro_estabelecimento_nome], [cidade_bairro_estabelecimento_cnpj], [cidade_bairro_estabelecimento_telefone])
	VALUES (4,'dinheiro', 'Recife','Pina','51010-680', 'Lolbibs2','59.323.395/0001-06','812101111');
INSERT INTO [dbo].[Pedido] ([pedido_id],[forma_pagamento], [cidade_nome], [cidade_bairro_nome], [cidade_bairro_cep], [cidade_bairro_estabelecimento_nome], [cidade_bairro_estabelecimento_cnpj], [cidade_bairro_estabelecimento_telefone])
	VALUES (5,'cartao', 'Recife','Sao Jose','50090-000', 'Lolbibs3','59.323.395/0001-06','812101111');
INSERT INTO [dbo].[Pedido] ([pedido_id],[forma_pagamento], [cidade_nome], [cidade_bairro_nome], [cidade_bairro_cep], [cidade_bairro_estabelecimento_nome], [cidade_bairro_estabelecimento_cnpj], [cidade_bairro_estabelecimento_telefone])
	VALUES (6,'dinheiro', 'Recife','Sao Jose','50090-000', 'Lolbibs3','59.323.395/0001-06','812101111');
INSERT INTO [dbo].[Pedido] ([pedido_id],[forma_pagamento], [cidade_nome], [cidade_bairro_nome], [cidade_bairro_cep], [cidade_bairro_estabelecimento_nome], [cidade_bairro_estabelecimento_cnpj], [cidade_bairro_estabelecimento_telefone])
	VALUES (7,'cartao', 'Olinda','Varadouro','53010-130', 'LolbibsOlinda','59.323.395/0001-06','812101111');
INSERT INTO [dbo].[Pedido] ([pedido_id],[forma_pagamento], [cidade_nome], [cidade_bairro_nome], [cidade_bairro_cep], [cidade_bairro_estabelecimento_nome], [cidade_bairro_estabelecimento_cnpj], [cidade_bairro_estabelecimento_telefone])
	VALUES (8,'dinheiro', 'Olinda','Varadouro','53010-130', 'LolbibsOlinda','59.323.395/0001-06','812101111');


#Populate Produto
INSERT INTO [dbo].[Produto] ([produto_id], [nome], [preco_venda], [custo_compra], [tamanho], [categoria_nome], [categoria_descricao], [produto_descricao], [produto_marca])
	VALUES (1,'Pizza de Calabreza',CAST('$20.00' AS MONEY),CAST('$10.00' AS MONEY),'grande','pizza','pizza com massa fina','calabreza picante','pizza');
INSERT INTO [dbo].[Produto] ([produto_id], [nome], [preco_venda], [custo_compra], [tamanho], [categoria_nome], [categoria_descricao], [produto_descricao], [produto_marca])
	VALUES (2,'Pizza de Calabreza',CAST('$15.00' AS MONEY),CAST('$7.50' AS MONEY),'media','pizza','pizza com massa fina','calabreza picante','pizza');
INSERT INTO [dbo].[Produto] ([produto_id], [nome], [preco_venda], [custo_compra], [tamanho], [categoria_nome], [categoria_descricao], [produto_descricao], [produto_marca])
	VALUES (3,'Pizza de Calabreza',CAST('$10.00' AS MONEY),CAST('$5.00' AS MONEY),'pequena','pizza','pizza com massa fina','calabreza picante','pizza');
INSERT INTO [dbo].[Produto] ([produto_id], [nome], [preco_venda], [custo_compra], [tamanho], [categoria_nome], [categoria_descricao], [produto_descricao], [produto_marca])
	VALUES (4,'Pizza de Muzzarela',CAST('$20.00' AS MONEY),CAST('$10.00' AS MONEY),'grande','pizza','pizza com massa fina','bordas de catupiry','pizza');
INSERT INTO [dbo].[Produto] ([produto_id], [nome], [preco_venda], [custo_compra], [tamanho], [categoria_nome], [categoria_descricao], [produto_descricao], [produto_marca])
	VALUES (5,'Pizza de Muzzarela',CAST('$15.00' AS MONEY),CAST('$7.50' AS MONEY),'media','pizza','pizza com massa fina','bordas de catupiry','pizza');
INSERT INTO [dbo].[Produto] ([produto_id], [nome], [preco_venda], [custo_compra], [tamanho], [categoria_nome], [categoria_descricao], [produto_descricao], [produto_marca])
	VALUES (6,'Pizza de Muzzarela',CAST('$10.00' AS MONEY),CAST('$5.00' AS MONEY),'pequena','pizza','pizza com massa fina','bordas de catupiry','pizza');
INSERT INTO [dbo].[Produto] ([produto_id], [nome], [preco_venda], [custo_compra], [tamanho], [categoria_nome], [categoria_descricao], [produto_descricao], [produto_marca])
	VALUES (7,'Pizza de Frango com Catupiry',CAST('$20.00' AS MONEY),CAST('$10.00' AS MONEY),'grande','pizza','pizza com massa grossa','frango desfiado','pizza');
INSERT INTO [dbo].[Produto] ([produto_id], [nome], [preco_venda], [custo_compra], [tamanho], [categoria_nome], [categoria_descricao], [produto_descricao], [produto_marca])
	VALUES (8,'Pizza de Frango com Catupiry',CAST('$15.00' AS MONEY),CAST('$7.50' AS MONEY),'media','pizza','pizza com massa grossa','frango desfiado','pizza');
INSERT INTO [dbo].[Produto] ([produto_id], [nome], [preco_venda], [custo_compra], [tamanho], [categoria_nome], [categoria_descricao], [produto_descricao], [produto_marca])
	VALUES (9,'Pizza de Frango com Catupiry',CAST('$10.00' AS MONEY),CAST('$5.00' AS MONEY),'pequena','pizza','pizza com massa grossa','frango desfiado','pizza');
INSERT INTO [dbo].[Produto] ([produto_id], [nome], [preco_venda], [custo_compra], [tamanho], [categoria_nome], [categoria_descricao], [produto_descricao], [produto_marca])
	VALUES (10,'CocaCola',CAST('$5.00' AS MONEY),CAST('$1.00' AS MONEY),'300ml','bebida','latinha','refrigerante','CocaCola');
INSERT INTO [dbo].[Produto] ([produto_id], [nome], [preco_venda], [custo_compra], [tamanho], [categoria_nome], [categoria_descricao], [produto_descricao], [produto_marca])
	VALUES (11,'Guarana Antartica',CAST('$5.00' AS MONEY),CAST('$1.00' AS MONEY),'300ml','bebida','latinha','frefrigerante','Antartica');
INSERT INTO [dbo].[Produto] ([produto_id], [nome], [preco_venda], [custo_compra], [tamanho], [categoria_nome], [categoria_descricao], [produto_descricao], [produto_marca])
	VALUES (12,'Kuat',CAST('$5.00' AS MONEY),CAST('$1.00' AS MONEY),'300ml','bebida','latinha','refrigerante','CocaCola');





